{
  "chart": {
    "title": "Global primary energy consumption by source",
    "subtitle": "[Primary energy](#dod:primaryenergy) is based on the [substitution method](#dod:substitutionmethod) and measured in [terawatt-hours](#dod:watt-hours).",
    "note": "In the absence of more recent data, traditional biomass is assumed constant since 2015.",
    "citation": "Energy Institute - Statistical Review of World Energy (2024); Smil (2017)",
    "originalChartUrl": "https://ourworldindata.org/grapher/global-energy-substitution?time=earliest..2023&v=1&csvType=filtered&useColumnShortNames=false",
    "selection": [
      "World"
    ]
  },
  "columns": {
    "Other renewables (TWh, substituted energy)": {
      "titleShort": "Primary energy from other renewables",
      "titleLong": "Primary energy from other renewables",
      "descriptionShort": "Measured in terawatt-hours of primary energy consumption, using the substitution method.",
      "descriptionKey": [
        "Primary energy data can be quantified using two different methodologies: (1) 'Direct' primary energy, which directly combines fossil fuel data with the electricity generated by nuclear power and renewables. (2) 'Substituted' primary energy, which converts non-fossil electricity into their 'input equivalents': The amount of primary energy that would be needed if they had the same inefficiencies as fossil fuels. This 'substitution method' is adopted by the Energy Institute's Statistical Review of World Energy, when all data is compared in exajoules."
      ],
      "descriptionProcessing": "- All data prior to the year 1965 is sourced from Smil (2017). All data from 1965 onwards, with the exception of traditional biomass is sourced from the Energy Institute Statistical Review of World Energy. Smil's estimates of traditional biomass are only available until 2015. For the years 2016 onwards, we have assumed a similar level of traditional biomass consumption. This is approximately in line with recent trends in traditional biomass from Smil's data.\n- We convert all data from the Statistical Review of World Energy from exajoules (EJ) to terawatt-hours (TWh), using a conversion factor of 1,000,000 / 3,600 (~277.778).",
      "shortUnit": "TWh",
      "unit": "terawatt-hours",
      "timespan": "1800-2023",
      "type": "Numeric",
      "owidVariableId": 943858,
      "shortName": "other_renewables__twh_substituted_energy",
      "lastUpdated": "2024-06-20",
      "nextUpdate": "2025-06-20",
      "citationShort": "Energy Institute - Statistical Review of World Energy (2024); Smil (2017) – with major processing by Our World in Data",
      "citationLong": "Energy Institute - Statistical Review of World Energy (2024); Smil (2017) – with major processing by Our World in Data. “Primary energy from other renewables” [dataset]. Energy Institute, “Statistical Review of World Energy”; Smil, “Energy Transitions: Global and National Perspectives” [original data].",
      "fullMetadata": "https://api.ourworldindata.org/v1/indicators/943858.metadata.json"
    },
    "Biofuels (TWh, substituted energy)": {
      "titleShort": "Primary energy from biofuels",
      "titleLong": "Primary energy from biofuels",
      "descriptionShort": "Measured in terawatt-hours of primary energy consumption, using the substitution method.",
      "descriptionKey": [
        "Primary energy data can be quantified using two different methodologies: (1) 'Direct' primary energy, which directly combines fossil fuel data with the electricity generated by nuclear power and renewables. (2) 'Substituted' primary energy, which converts non-fossil electricity into their 'input equivalents': The amount of primary energy that would be needed if they had the same inefficiencies as fossil fuels. This 'substitution method' is adopted by the Energy Institute's Statistical Review of World Energy, when all data is compared in exajoules."
      ],
      "descriptionProcessing": "- All data prior to the year 1965 is sourced from Smil (2017). All data from 1965 onwards, with the exception of traditional biomass is sourced from the Energy Institute Statistical Review of World Energy. Smil's estimates of traditional biomass are only available until 2015. For the years 2016 onwards, we have assumed a similar level of traditional biomass consumption. This is approximately in line with recent trends in traditional biomass from Smil's data.\n- We convert all data from the Statistical Review of World Energy from exajoules (EJ) to terawatt-hours (TWh), using a conversion factor of 1,000,000 / 3,600 (~277.778).",
      "shortUnit": "TWh",
      "unit": "terawatt-hours",
      "timespan": "1800-2023",
      "type": "Numeric",
      "owidVariableId": 943823,
      "shortName": "biofuels__twh_substituted_energy",
      "lastUpdated": "2024-06-20",
      "nextUpdate": "2025-06-20",
      "citationShort": "Energy Institute - Statistical Review of World Energy (2024); Smil (2017) – with major processing by Our World in Data",
      "citationLong": "Energy Institute - Statistical Review of World Energy (2024); Smil (2017) – with major processing by Our World in Data. “Primary energy from biofuels” [dataset]. Energy Institute, “Statistical Review of World Energy”; Smil, “Energy Transitions: Global and National Perspectives” [original data].",
      "fullMetadata": "https://api.ourworldindata.org/v1/indicators/943823.metadata.json"
    },
    "Solar (TWh, substituted energy)": {
      "titleShort": "Primary energy from solar power",
      "titleLong": "Primary energy from solar power",
      "descriptionShort": "Measured in terawatt-hours of primary energy consumption, using the substitution method.",
      "descriptionKey": [
        "Primary energy data can be quantified using two different methodologies: (1) 'Direct' primary energy, which directly combines fossil fuel data with the electricity generated by nuclear power and renewables. (2) 'Substituted' primary energy, which converts non-fossil electricity into their 'input equivalents': The amount of primary energy that would be needed if they had the same inefficiencies as fossil fuels. This 'substitution method' is adopted by the Energy Institute's Statistical Review of World Energy, when all data is compared in exajoules."
      ],
      "descriptionProcessing": "- All data prior to the year 1965 is sourced from Smil (2017). All data from 1965 onwards, with the exception of traditional biomass is sourced from the Energy Institute Statistical Review of World Energy. Smil's estimates of traditional biomass are only available until 2015. For the years 2016 onwards, we have assumed a similar level of traditional biomass consumption. This is approximately in line with recent trends in traditional biomass from Smil's data.\n- We convert all data from the Statistical Review of World Energy from exajoules (EJ) to terawatt-hours (TWh), using a conversion factor of 1,000,000 / 3,600 (~277.778).",
      "shortUnit": "TWh",
      "unit": "terawatt-hours",
      "timespan": "1800-2023",
      "type": "Numeric",
      "owidVariableId": 943869,
      "shortName": "solar__twh_substituted_energy",
      "lastUpdated": "2024-06-20",
      "nextUpdate": "2025-06-20",
      "citationShort": "Energy Institute - Statistical Review of World Energy (2024); Smil (2017) – with major processing by Our World in Data",
      "citationLong": "Energy Institute - Statistical Review of World Energy (2024); Smil (2017) – with major processing by Our World in Data. “Primary energy from solar power” [dataset]. Energy Institute, “Statistical Review of World Energy”; Smil, “Energy Transitions: Global and National Perspectives” [original data].",
      "fullMetadata": "https://api.ourworldindata.org/v1/indicators/943869.metadata.json"
    },
    "Wind (TWh, substituted energy)": {
      "titleShort": "Primary energy from wind power",
      "titleLong": "Primary energy from wind power",
      "descriptionShort": "Measured in terawatt-hours of primary energy consumption, using the substitution method.",
      "descriptionKey": [
        "Primary energy data can be quantified using two different methodologies: (1) 'Direct' primary energy, which directly combines fossil fuel data with the electricity generated by nuclear power and renewables. (2) 'Substituted' primary energy, which converts non-fossil electricity into their 'input equivalents': The amount of primary energy that would be needed if they had the same inefficiencies as fossil fuels. This 'substitution method' is adopted by the Energy Institute's Statistical Review of World Energy, when all data is compared in exajoules."
      ],
      "descriptionProcessing": "- All data prior to the year 1965 is sourced from Smil (2017). All data from 1965 onwards, with the exception of traditional biomass is sourced from the Energy Institute Statistical Review of World Energy. Smil's estimates of traditional biomass are only available until 2015. For the years 2016 onwards, we have assumed a similar level of traditional biomass consumption. This is approximately in line with recent trends in traditional biomass from Smil's data.\n- We convert all data from the Statistical Review of World Energy from exajoules (EJ) to terawatt-hours (TWh), using a conversion factor of 1,000,000 / 3,600 (~277.778).",
      "shortUnit": "TWh",
      "unit": "terawatt-hours",
      "timespan": "1800-2023",
      "type": "Numeric",
      "owidVariableId": 943880,
      "shortName": "wind__twh_substituted_energy",
      "lastUpdated": "2024-06-20",
      "nextUpdate": "2025-06-20",
      "citationShort": "Energy Institute - Statistical Review of World Energy (2024); Smil (2017) – with major processing by Our World in Data",
      "citationLong": "Energy Institute - Statistical Review of World Energy (2024); Smil (2017) – with major processing by Our World in Data. “Primary energy from wind power” [dataset]. Energy Institute, “Statistical Review of World Energy”; Smil, “Energy Transitions: Global and National Perspectives” [original data].",
      "fullMetadata": "https://api.ourworldindata.org/v1/indicators/943880.metadata.json"
    },
    "Hydropower (TWh, substituted energy)": {
      "titleShort": "Primary energy from hydropower",
      "titleLong": "Primary energy from hydropower",
      "descriptionShort": "Measured in terawatt-hours of primary energy consumption, using the substitution method.",
      "descriptionKey": [
        "Primary energy data can be quantified using two different methodologies: (1) 'Direct' primary energy, which directly combines fossil fuel data with the electricity generated by nuclear power and renewables. (2) 'Substituted' primary energy, which converts non-fossil electricity into their 'input equivalents': The amount of primary energy that would be needed if they had the same inefficiencies as fossil fuels. This 'substitution method' is adopted by the Energy Institute's Statistical Review of World Energy, when all data is compared in exajoules."
      ],
      "descriptionProcessing": "- All data prior to the year 1965 is sourced from Smil (2017). All data from 1965 onwards, with the exception of traditional biomass is sourced from the Energy Institute Statistical Review of World Energy. Smil's estimates of traditional biomass are only available until 2015. For the years 2016 onwards, we have assumed a similar level of traditional biomass consumption. This is approximately in line with recent trends in traditional biomass from Smil's data.\n- We convert all data from the Statistical Review of World Energy from exajoules (EJ) to terawatt-hours (TWh), using a conversion factor of 1,000,000 / 3,600 (~277.778).",
      "shortUnit": "TWh",
      "unit": "terawatt-hours",
      "timespan": "1800-2023",
      "type": "Numeric",
      "owidVariableId": 943840,
      "shortName": "hydropower__twh_substituted_energy",
      "lastUpdated": "2024-06-20",
      "nextUpdate": "2025-06-20",
      "citationShort": "Energy Institute - Statistical Review of World Energy (2024); Smil (2017) – with major processing by Our World in Data",
      "citationLong": "Energy Institute - Statistical Review of World Energy (2024); Smil (2017) – with major processing by Our World in Data. “Primary energy from hydropower” [dataset]. Energy Institute, “Statistical Review of World Energy”; Smil, “Energy Transitions: Global and National Perspectives” [original data].",
      "fullMetadata": "https://api.ourworldindata.org/v1/indicators/943840.metadata.json"
    },
    "Nuclear (TWh, substituted energy)": {
      "titleShort": "Primary energy from nuclear power",
      "titleLong": "Primary energy from nuclear power",
      "descriptionShort": "Measured in terawatt-hours of primary energy consumption, using the substitution method.",
      "descriptionKey": [
        "Primary energy data can be quantified using two different methodologies: (1) 'Direct' primary energy, which directly combines fossil fuel data with the electricity generated by nuclear power and renewables. (2) 'Substituted' primary energy, which converts non-fossil electricity into their 'input equivalents': The amount of primary energy that would be needed if they had the same inefficiencies as fossil fuels. This 'substitution method' is adopted by the Energy Institute's Statistical Review of World Energy, when all data is compared in exajoules."
      ],
      "descriptionProcessing": "- All data prior to the year 1965 is sourced from Smil (2017). All data from 1965 onwards, with the exception of traditional biomass is sourced from the Energy Institute Statistical Review of World Energy. Smil's estimates of traditional biomass are only available until 2015. For the years 2016 onwards, we have assumed a similar level of traditional biomass consumption. This is approximately in line with recent trends in traditional biomass from Smil's data.\n- We convert all data from the Statistical Review of World Energy from exajoules (EJ) to terawatt-hours (TWh), using a conversion factor of 1,000,000 / 3,600 (~277.778).",
      "shortUnit": "TWh",
      "unit": "terawatt-hours",
      "timespan": "1800-2023",
      "type": "Numeric",
      "owidVariableId": 943853,
      "shortName": "nuclear__twh_substituted_energy",
      "lastUpdated": "2024-06-20",
      "nextUpdate": "2025-06-20",
      "citationShort": "Energy Institute - Statistical Review of World Energy (2024); Smil (2017) – with major processing by Our World in Data",
      "citationLong": "Energy Institute - Statistical Review of World Energy (2024); Smil (2017) – with major processing by Our World in Data. “Primary energy from nuclear power” [dataset]. Energy Institute, “Statistical Review of World Energy”; Smil, “Energy Transitions: Global and National Perspectives” [original data].",
      "fullMetadata": "https://api.ourworldindata.org/v1/indicators/943853.metadata.json"
    },
    "Gas (TWh, substituted energy)": {
      "titleShort": "Primary energy from natural gas",
      "titleLong": "Primary energy from natural gas",
      "descriptionShort": "Measured in terawatt-hours of primary energy consumption, using the substitution method.",
      "descriptionKey": [
        "Primary energy data can be quantified using two different methodologies: (1) 'Direct' primary energy, which directly combines fossil fuel data with the electricity generated by nuclear power and renewables. (2) 'Substituted' primary energy, which converts non-fossil electricity into their 'input equivalents': The amount of primary energy that would be needed if they had the same inefficiencies as fossil fuels. This 'substitution method' is adopted by the Energy Institute's Statistical Review of World Energy, when all data is compared in exajoules."
      ],
      "descriptionProcessing": "- All data prior to the year 1965 is sourced from Smil (2017). All data from 1965 onwards, with the exception of traditional biomass is sourced from the Energy Institute Statistical Review of World Energy. Smil's estimates of traditional biomass are only available until 2015. For the years 2016 onwards, we have assumed a similar level of traditional biomass consumption. This is approximately in line with recent trends in traditional biomass from Smil's data.\n- We convert all data from the Statistical Review of World Energy from exajoules (EJ) to terawatt-hours (TWh), using a conversion factor of 1,000,000 / 3,600 (~277.778).",
      "shortUnit": "TWh",
      "unit": "terawatt-hours",
      "timespan": "1800-2023",
      "type": "Numeric",
      "owidVariableId": 943831,
      "shortName": "gas__twh_substituted_energy",
      "lastUpdated": "2024-06-20",
      "nextUpdate": "2025-06-20",
      "citationShort": "Energy Institute - Statistical Review of World Energy (2024); Smil (2017) – with major processing by Our World in Data",
      "citationLong": "Energy Institute - Statistical Review of World Energy (2024); Smil (2017) – with major processing by Our World in Data. “Primary energy from natural gas” [dataset]. Energy Institute, “Statistical Review of World Energy”; Smil, “Energy Transitions: Global and National Perspectives” [original data].",
      "fullMetadata": "https://api.ourworldindata.org/v1/indicators/943831.metadata.json"
    },
    "Oil (TWh, substituted energy)": {
      "titleShort": "Primary energy from oil",
      "titleLong": "Primary energy from oil",
      "descriptionShort": "Measured in terawatt-hours of primary energy consumption, using the substitution method.",
      "descriptionKey": [
        "Primary energy data can be quantified using two different methodologies: (1) 'Direct' primary energy, which directly combines fossil fuel data with the electricity generated by nuclear power and renewables. (2) 'Substituted' primary energy, which converts non-fossil electricity into their 'input equivalents': The amount of primary energy that would be needed if they had the same inefficiencies as fossil fuels. This 'substitution method' is adopted by the Energy Institute's Statistical Review of World Energy, when all data is compared in exajoules."
      ],
      "descriptionProcessing": "- All data prior to the year 1965 is sourced from Smil (2017). All data from 1965 onwards, with the exception of traditional biomass is sourced from the Energy Institute Statistical Review of World Energy. Smil's estimates of traditional biomass are only available until 2015. For the years 2016 onwards, we have assumed a similar level of traditional biomass consumption. This is approximately in line with recent trends in traditional biomass from Smil's data.\n- We convert all data from the Statistical Review of World Energy from exajoules (EJ) to terawatt-hours (TWh), using a conversion factor of 1,000,000 / 3,600 (~277.778).",
      "shortUnit": "TWh",
      "unit": "terawatt-hours",
      "timespan": "1800-2023",
      "type": "Numeric",
      "owidVariableId": 943859,
      "shortName": "oil__twh_substituted_energy",
      "lastUpdated": "2024-06-20",
      "nextUpdate": "2025-06-20",
      "citationShort": "Energy Institute - Statistical Review of World Energy (2024); Smil (2017) – with major processing by Our World in Data",
      "citationLong": "Energy Institute - Statistical Review of World Energy (2024); Smil (2017) – with major processing by Our World in Data. “Primary energy from oil” [dataset]. Energy Institute, “Statistical Review of World Energy”; Smil, “Energy Transitions: Global and National Perspectives” [original data].",
      "fullMetadata": "https://api.ourworldindata.org/v1/indicators/943859.metadata.json"
    },
    "Coal (TWh, substituted energy)": {
      "titleShort": "Primary energy from coal",
      "titleLong": "Primary energy from coal",
      "descriptionShort": "Measured in terawatt-hours of primary energy consumption, using the substitution method.",
      "descriptionKey": [
        "Primary energy data can be quantified using two different methodologies: (1) 'Direct' primary energy, which directly combines fossil fuel data with the electricity generated by nuclear power and renewables. (2) 'Substituted' primary energy, which converts non-fossil electricity into their 'input equivalents': The amount of primary energy that would be needed if they had the same inefficiencies as fossil fuels. This 'substitution method' is adopted by the Energy Institute's Statistical Review of World Energy, when all data is compared in exajoules."
      ],
      "descriptionProcessing": "- All data prior to the year 1965 is sourced from Smil (2017). All data from 1965 onwards, with the exception of traditional biomass is sourced from the Energy Institute Statistical Review of World Energy. Smil's estimates of traditional biomass are only available until 2015. For the years 2016 onwards, we have assumed a similar level of traditional biomass consumption. This is approximately in line with recent trends in traditional biomass from Smil's data.\n- We convert all data from the Statistical Review of World Energy from exajoules (EJ) to terawatt-hours (TWh), using a conversion factor of 1,000,000 / 3,600 (~277.778).",
      "shortUnit": "TWh",
      "unit": "terawatt-hours",
      "timespan": "1800-2023",
      "type": "Numeric",
      "owidVariableId": 943826,
      "shortName": "coal__twh_substituted_energy",
      "lastUpdated": "2024-06-20",
      "nextUpdate": "2025-06-20",
      "citationShort": "Energy Institute - Statistical Review of World Energy (2024); Smil (2017) – with major processing by Our World in Data",
      "citationLong": "Energy Institute - Statistical Review of World Energy (2024); Smil (2017) – with major processing by Our World in Data. “Primary energy from coal” [dataset]. Energy Institute, “Statistical Review of World Energy”; Smil, “Energy Transitions: Global and National Perspectives” [original data].",
      "fullMetadata": "https://api.ourworldindata.org/v1/indicators/943826.metadata.json"
    },
    "Traditional biomass (TWh, substituted energy)": {
      "titleShort": "Primary energy from traditional biomass",
      "titleLong": "Primary energy from traditional biomass",
      "descriptionShort": "Measured in terawatt-hours of primary energy consumption, using the substitution method.",
      "descriptionKey": [
        "Primary energy data can be quantified using two different methodologies: (1) 'Direct' primary energy, which directly combines fossil fuel data with the electricity generated by nuclear power and renewables. (2) 'Substituted' primary energy, which converts non-fossil electricity into their 'input equivalents': The amount of primary energy that would be needed if they had the same inefficiencies as fossil fuels. This 'substitution method' is adopted by the Energy Institute's Statistical Review of World Energy, when all data is compared in exajoules."
      ],
      "descriptionProcessing": "- All data prior to the year 1965 is sourced from Smil (2017). All data from 1965 onwards, with the exception of traditional biomass is sourced from the Energy Institute Statistical Review of World Energy. Smil's estimates of traditional biomass are only available until 2015. For the years 2016 onwards, we have assumed a similar level of traditional biomass consumption. This is approximately in line with recent trends in traditional biomass from Smil's data.\n- We convert all data from the Statistical Review of World Energy from exajoules (EJ) to terawatt-hours (TWh), using a conversion factor of 1,000,000 / 3,600 (~277.778).",
      "shortUnit": "TWh",
      "unit": "terawatt-hours",
      "timespan": "1800-2023",
      "type": "Integer",
      "owidVariableId": 943871,
      "shortName": "traditional_biomass__twh_substituted_energy",
      "lastUpdated": "2024-06-20",
      "nextUpdate": "2025-06-20",
      "citationShort": "Smil (2017) – with major processing by Our World in Data",
      "citationLong": "Smil (2017) – with major processing by Our World in Data. “Primary energy from traditional biomass” [dataset]. Smil, “Energy Transitions: Global and National Perspectives” [original data].",
      "fullMetadata": "https://api.ourworldindata.org/v1/indicators/943871.metadata.json"
    }
  },
  "dateDownloaded": "2025-06-16",
  "activeFilters": {
    "time": "earliest..2023"
  }
}